{
  "assetsByChunkName": {
    "vendors~app-account~app-checkout~app-confirmation~app-order": "chunk.161e13e15fcf1c5e4491.js",
    "vendors~app-account~app-confirmation~app-order": "chunk.cd43a0f8f321eab13814.js",
    "vendors~app-account~app-checkout": "chunk.a6efc45bb93a7160b552.js",
    "admin": [
      "admin.4f8b0701bba07064b7d8.js",
      "admin.4f8b0701bba07064b7d8.js.map"
    ],
    "app-account": "chunk.9536d7072eb91528fb9e.js",
    "app-confirmation": "chunk.9f374104f75c0d75ee25.js",
    "app-order": "chunk.87e01df2a08ae89a0b07.js",
    "checkout": [
      "checkout.c7fa8c59b36671d6d98b.js",
      "checkout.c7fa8c59b36671d6d98b.js.map"
    ],
    "storefront": [
      "storefront.deb4bccbf68db47848a4.css",
      "storefront.c42d8beeadc7e6f2daf3.js",
      "storefront.deb4bccbf68db47848a4.css.map",
      "storefront.c42d8beeadc7e6f2daf3.js.map"
    ],
    "vendors~app-cart": "chunk.4736630ec7f91afe7653.js",
    "vendors~app-checkout": "chunk.edc5f1c377180fa15c6e.js"
  }
}